workflow,flowId,taskId,difficulty,repetition,executionId,predictedAnswer,referenceAnswer,correct,inputTokens,outputTokens,totalTokens,estimatedCost,durationMs,modelCalls,validationVerdict,revisionRounds,error
Baseline,560940e4-3030-404a-ab58-d5b911f388a5,math_001,easy,1,2ac73bf8-9379-4a0d-999a-912019a2673d,B,B,true,2566,896,3462,0.0059565,17318,7,pass,0,
Baseline,560940e4-3030-404a-ab58-d5b911f388a5,math_002,easy,1,d6961431-9cad-46fd-ac7a-d16e51c55421,C,C,true,2718,1314,4032,0.0079515,19288,7,revise,0,
Baseline,560940e4-3030-404a-ab58-d5b911f388a5,math_003,easy,1,91033076-8970-443d-bcac-68f2fb9d7ebd,B,B,true,2540,910,3450,0.005999999999999999,16480,7,pass,0,
Baseline,560940e4-3030-404a-ab58-d5b911f388a5,math_004,easy,1,207b83f4-147f-4bad-a515-65d25918dfe2,C,C,true,2626,1026,3652,0.0065865,17283,7,pass,0,
Baseline,560940e4-3030-404a-ab58-d5b911f388a5,math_005,easy,1,96e73645-98f9-4663-94ce-022e752f11c5,D,D,true,2514,950,3464,0.006160500000000001,17119,7,pass,0,
Baseline,560940e4-3030-404a-ab58-d5b911f388a5,math_006,easy,1,9654b155-71b3-4fbd-bf59-4e4443789cb2,C,C,true,2414,780,3194,0.005320500000000001,17107,7,pass,0,
Baseline,560940e4-3030-404a-ab58-d5b911f388a5,math_007,medium,1,15575586-45a6-4410-8561-c83c08158b41,B,B,true,2461,801,3262,0.00545025,16696,7,pass,0,
Baseline,560940e4-3030-404a-ab58-d5b911f388a5,math_008,medium,1,c29ea9d1-c3ae-4527-ab77-a9f1db87cb43,B,B,true,2818,1079,3897,0.006969000000000001,17203,7,pass,0,
Baseline,560940e4-3030-404a-ab58-d5b911f388a5,math_009,medium,1,d604488b-eab3-47e0-ae66-bfb924b5110a,C,C,true,3098,1342,4440,0.0083625,19746,7,pass,0,
Baseline,560940e4-3030-404a-ab58-d5b911f388a5,math_010,medium,1,d5ed8da1-926a-4982-8039-4dd027bbff47,C,C,true,3127,1505,4632,0.009117749999999999,20786,7,revise,0,
Baseline,560940e4-3030-404a-ab58-d5b911f388a5,math_011,medium,1,21f4c2c5-be03-401b-89a1-1c373eb93f56,D,D,true,2744,1112,3856,0.007062,19863,7,pass,0,
Baseline,560940e4-3030-404a-ab58-d5b911f388a5,math_012,medium,1,50d79048-a7ed-4d8a-a647-91faefc7164b,C,C,true,2520,877,3397,0.0058365000000000005,23796,7,pass,0,
Baseline,560940e4-3030-404a-ab58-d5b911f388a5,math_013,medium,1,971e030b-da06-4df2-b2b8-4c9a73b85452,B,B,true,2772,1161,3933,0.0073035,20964,7,pass,0,
Baseline,560940e4-3030-404a-ab58-d5b911f388a5,math_014,medium,1,c9c211ea-2e57-4559-ab93-b4490e6a111c,C,C,true,2611,979,3590,0.00636375,15941,7,pass,0,
Baseline,560940e4-3030-404a-ab58-d5b911f388a5,math_015,medium,1,37d275f9-1dfa-430f-80cf-4f6442f8fb32,C,C,true,2666,1096,3762,0.006931500000000001,22737,7,pass,0,
Baseline,560940e4-3030-404a-ab58-d5b911f388a5,math_016,hard,1,150507d2-a700-48d3-b049-c675736f62be,B,B,true,2748,1093,3841,0.0069795000000000005,24768,7,pass,0,
Baseline,560940e4-3030-404a-ab58-d5b911f388a5,math_017,hard,1,7f0a3de4-fdb7-4657-ba2e-5252dc9e09a0,D,D,true,2911,1347,4258,0.00824475,32409,7,revise,0,
Baseline,560940e4-3030-404a-ab58-d5b911f388a5,math_018,hard,1,0d983f4b-5883-4df3-b717-06648aebb5b1,B,B,true,2979,1214,4193,0.007697250000000001,19667,7,pass,0,
Baseline,560940e4-3030-404a-ab58-d5b911f388a5,math_019,hard,1,f4ac6db8-5628-458c-9e20-f5f92158f619,C,C,true,3020,1555,4575,0.0092625,23477,7,revise,0,
Baseline,560940e4-3030-404a-ab58-d5b911f388a5,math_020,hard,1,7342faed-5044-4d51-b91f-7af5af96b711,B,B,true,2700,1115,3815,0.0070425,17109,7,pass,0,
Iterative,b8dae061-5643-4c3d-85b2-140ad626dbc7,math_001,easy,1,d5b3d792-3ddd-4b74-bb97-1a3327a70855,B,B,true,2557,896,3453,0.00594975,17265,7,pass,0,
Iterative,b8dae061-5643-4c3d-85b2-140ad626dbc7,math_002,easy,1,83f1de2b-8ec3-45da-ac6c-278dcff1f082,C,C,true,6100,2422,8522,0.015474,45389,14,pass,1,
Iterative,b8dae061-5643-4c3d-85b2-140ad626dbc7,math_003,easy,1,56f8f2c4-514a-4ebf-be02-23537cde3c49,B,B,true,2585,970,3555,0.00630375,15975,7,pass,0,
Iterative,b8dae061-5643-4c3d-85b2-140ad626dbc7,math_004,easy,1,d8ce3a8b-d1e3-4bc2-90a2-d94a3cdff56c,C,C,true,2472,791,3263,0.0054135,21392,7,pass,0,
Iterative,b8dae061-5643-4c3d-85b2-140ad626dbc7,math_005,easy,1,10143e44-90e7-4640-a295-375255e75736,D,D,true,2445,840,3285,0.005613750000000001,32950,7,pass,0,
Iterative,b8dae061-5643-4c3d-85b2-140ad626dbc7,math_006,easy,1,3cad189e-ca78-481e-adb9-5bfa6a11c4c0,C,C,true,2300,704,3004,0.004893000000000001,15277,7,pass,0,
Iterative,b8dae061-5643-4c3d-85b2-140ad626dbc7,math_007,medium,1,aa18ea0a-8a1e-41d4-a5a9-e75db968988f,B,B,true,2548,904,3452,0.005979,18165,7,pass,0,
Iterative,b8dae061-5643-4c3d-85b2-140ad626dbc7,math_008,medium,1,9aee5474-e0b1-444d-b517-6157e8200ddd,B,B,true,2691,910,3601,0.00611325,17053,7,pass,0,
Iterative,b8dae061-5643-4c3d-85b2-140ad626dbc7,math_009,medium,1,9ad0585a-d613-40e4-8979-2bed848951b8,C,C,true,2957,1215,4172,0.00768525,18941,7,pass,0,
Iterative,b8dae061-5643-4c3d-85b2-140ad626dbc7,math_010,medium,1,c841db49-92c9-47c1-96f3-84ed46cc4833,C,C,true,2980,1302,4282,0.008094,19102,7,pass,0,
Iterative,b8dae061-5643-4c3d-85b2-140ad626dbc7,math_011,medium,1,210420a6-7919-41af-bd14-452348b5725e,D,D,true,2784,1177,3961,0.0073845,18048,7,pass,0,
Iterative,b8dae061-5643-4c3d-85b2-140ad626dbc7,math_012,medium,1,544e382f-d062-444c-94cf-bb33d3c7a5b9,C,C,true,2698,1033,3731,0.006672,16474,7,pass,0,
Iterative,b8dae061-5643-4c3d-85b2-140ad626dbc7,math_013,medium,1,e1d2c4d4-a1cb-487c-8ef4-377a7b154903,B,B,true,2811,1184,3995,0.00743625,16135,7,pass,0,
Iterative,b8dae061-5643-4c3d-85b2-140ad626dbc7,math_014,medium,1,ed0baac1-8419-47da-b16f-27ac9ef71131,C,C,true,2543,903,3446,0.00597075,23429,7,pass,0,
Iterative,b8dae061-5643-4c3d-85b2-140ad626dbc7,math_015,medium,1,45cae25b-f8ef-4ecd-b77a-4e3d568a88d4,C,C,true,2525,836,3361,0.00565575,14283,7,pass,0,
Iterative,b8dae061-5643-4c3d-85b2-140ad626dbc7,math_016,hard,1,1646bbe2-15d9-41fb-b1f4-a5cfa0bfbecb,B,B,true,2725,1099,3824,0.006989250000000001,20661,7,pass,0,
Iterative,b8dae061-5643-4c3d-85b2-140ad626dbc7,math_017,hard,1,6d4e1fec-fe54-4b1c-964e-20f478d4a20e,D,D,true,2720,1115,3835,0.0070574999999999995,19795,7,pass,0,
Iterative,b8dae061-5643-4c3d-85b2-140ad626dbc7,math_018,hard,1,8e781dc9-3df8-4234-a6b1-1def133b6647,B,B,true,3309,1379,4688,0.00868725,20430,7,pass,0,
Iterative,b8dae061-5643-4c3d-85b2-140ad626dbc7,math_019,hard,1,a74ab04a-6c50-4d52-8f7b-6966db548d14,C,C,true,2883,1244,4127,0.00776025,18471,7,pass,0,
Iterative,b8dae061-5643-4c3d-85b2-140ad626dbc7,math_020,hard,1,d6c44f2c-c1ee-4aff-855b-fc6690de28f8,B,B,true,2661,1124,3785,0.00705375,17442,7,pass,0,
